4,022173a44406f1492c674dc9450423581a21d675,6
4,b63841d3a3922440c258098190371f1e17d977c1,10
4,b60875421b0f67575970b6b63582b7e5e31c4a06,1
4,b5719b6d7faff6422e33897414c0afdf9e63fe95,1
4,b44760ac64862a09bc95d82503a32e15e45a8cf7,1
4,b42e73f497eafe147667117202267ec756adff26,4
4,b72c9567df964696afdf4335b9456c28d017afde,2
4,b3ecd1e4e34d191941b152d7e7c4cb08e1c0201e,2
4,b3ecb0a6c9bf3a213377b889f2b3077a940363e2,1
4,b2cff2e9163182b48812f8a01ffbf2eae5720a37,8
4,b28127c8a4883e774d69b08ebf2c203721644a15,2
4,b77e76c7367af5a09097f407c0066a227454dec8,1
4,b7baf23d86305762ea4e42adc4054c0840eca5ca,11
4,bc259348300d6e2dd735fc3066773acf8d8e8d53,14
4,bbd028c95f2d2e54deee899519d0deeabe561e8b,1
4,b9580d68e9bc34eef397e9bc7f13091f1e3f1528,3
4,b93104c9e6869443ad15c9bc9df338944dfee84a,11
4,b8e50f57d34d84710493acd3610fd545b9aac88a,3
4,b057ad2418fd2d74656d1f56fe44474266b47ac0,1
4,b875778b5544bf276e1e4693d65a45c952eb9347,1
4,b8c5938ed49502fbae89d0e842389853a208f996,1
4,b03026067b3686e45d4e11886eaccf084c36b01e,5
4,a5b7c3b2f31164e20bc3a19187182af57bd3a330,5
4,a5a597af9733f08b864ccb0e4ec8652143fa1b35,3
4,a589b8170333476233d48476587a1d4363c90bd0,3
4,a57aa43c57819e06fede3f89a653eb6f059449a8,2
4,a562b99d794a7a8079a09c9c79b55175dd6bcb9f,1
4,a560f721937f7f7299167a4d1c3f3ca87998635b,1
4,a3e9485b81517653ae5a2f4a37a5b56c5180f83d,1
4,a32b1044a480aabbf4716d5c90b907c5ec46056c,1
4,a2466acb7f2be6b3369e1a0cec6fdcf9accf2460,9
4,9db4b86e7559859d86b2c42964879eb1a878894c,3
4,9e0b5b81b0ac25f59a25bd744dc788fe5c3e2971,1
4,9fcb67db2f20bcd6a2f7f870e3fc6f5f89589262,2
4,9ffc45dbe0b9ef80ab5cf972a176548781d2206a,4
4,a5ba3e9062f3bde4bb6896f1db433a2408119e94,1
4,af671456b9d5566b49026ad2f067e5c4f3f0fe01,1
4,af5e60af84da628125b6fa832bdb45093c4bba71,1
4,aec268f46cff2a5a298a353cec0cc9403226e339,2
4,ae9d97110b6111f374e078eaa34694fdcff93da8,1
4,ad103f421ea546c1cb929eef0610eac5291a0607,2
4,acd45e124e05b3f1a8624a193480791acfb51419,1
4,abe5d62bcf18781c4b32418932f60e62cfea1703,1
4,ab73bddaa42637d64e005d788fb7130d26c50c97,3
4,a91124b6d4e2eb1bb3c71a7a8ddff7d40b7db55a,1
4,a9015ebe7dd5bdc3d29f41edfa24edaddf316836,1
4,a8a98a0fbb9c1c3530316fc774b31dd38704e207,1
4,a669069599893a774748181a238e0b009a4f3e87,5
4,a73c21771777ffd29e1d7ce296b252a324350284,5
4,a7d3396047a75183398f339310774ee415c1c4e8,1
4,a8327d121b9eeb3b61ae63f06095d423936a5da2,1
4,a8a39be3f68e76589f209b99a38644f6e685b792,2
4,c5f58e45454d1ffc621c65e377cb91345018e087,3
4,c5f1ebac2e35b30fbc22926d18d899827eec8db3,2
4,c5cc94ee19d766955b8b963df06741ae26ce7b0f,1
4,c5c4e7857cb25af822b9b3b1fbd158cbd168f48a,1
4,c5187583bbfe93fe58db80f95b5b478c84180c29,30
4,c6888734b441e2513fa48de8b0575bf160ec8141,2
4,c9334bd90f1ba826ea75198a3b3507c5ba99fd4e,6
4,c9290b76961c46f476761ccadce0cb006d474b92,1
4,c908bfbcf66e6e27a5c9f708e6a52cd883015346,1
4,c8507d05b45d9699b6501aed74d735eb58a8fcdc,1
4,c7d508b79c9e201c91ec23f5eec47c18be206567,1
4,c753d2e41ba667f9b5a31451a16ecbaecdc65d80,10
4,c6a578ec7696430ecf5a4d4fd8f49c39b105b471,11
4,c0df29ac0b2e3f78c058fce743f75b25c29975d0,1
4,c07f55ac92d1e931260711edae987b51bee0be3d,2
4,bffee2336725dde0f74933d5a7d12536c9bcbd06,9
4,bf560c1b253c1a6d157ee4839f4bb1b31a790f48,5
4,c1458f74d8ede24d188dff928f13376188f9122d,5
4,bcacc38f7ddd87adce636610c6c3b9d4d2b29873,1
4,bcf069cd2b2e5ee6cc324921e68ac6a8ef4f94f0,1
4,bd8c48c1a4a9868aa955db2844a3538a5e8272e4,3
4,c46b61d56533d392246ef2884b9a6e552cd6b94c,1
4,c358656c8799d30fd422448153e99a5dd37e298a,26
4,c202640e12abcf7499e5bee9a216f575b86cf028,1
4,c27e0fdc165282f1c64648bdae2a51ed10f14d40,1
4,9c6a433725364dc8d4639e712aef8ca9c9eeec20,7
4,8535f2447c4269531de53e9e37aa37f2d4d1da51,7
4,85168a14c53fff360d89fe88856ac0072374f434,1
4,84f9a172f93b041e482003bd6b5b080513c23c91,2
4,84312bd93f895641f90900952dba6bb48d0b247e,1
4,84184afdb26b42ff615896f9c0161157cc84ec73,3
4,8331b2d75a51631bee622daf2175854fe49ce29a,3
4,825b31dc5ca5be249b165e8c6ae90340f3c678d1,1
4,814d254ab7a076fe3a2b073cbe52b040ad1cc152,1
4,80b0bf4aa4cf4ea05ad321e0819fd64d7db177f3,1
4,805076f68a63858da8d8dfac2ec0e203636272f0,2
4,802b77399480cb8f63c4493fcfd16754caaa2aee,5
4,7fccb687b261759e7443900befc4bd1c1f3d2fb4,2
4,7f4ce6fdd75d142819d612196dd45aff0795d682,1
4,7e28b1d6b6834879556b9c3caa62e49e428351cc,3
4,7ccbf48838b7cfe42759c67790636d442ea5daa3,1
4,7c21992db56623b9d77f682d7e4edea078c3985b,1
4,7bcdc338d6ec7786f342f1569b8414c6919e5c6e,73
4,8da2510c3cf6965c685f8b0eabe66ec8f9b3c223,18
4,8d78da7ce7e60d93fe8e299a83b963cd220a60ad,1
4,8ceb7480f39d9e69fce451206644f80b0242b696,12
4,8b0bdf3155c7c2d656cb158493118e9ccfae1009,2
4,85f74e2004eaf0d4ff339e8644df3d8e716361e5,3
4,86e5c34846d810a258952d966d58cb34ad483a14,1
4,889bc764a5f1627090a69e6e100bcd18474dfb86,3
4,8972a94aee5b1a8732b4f8246c6ce43fd9e5e1cb,2
4,8996934748a48fe04f7dde56069042dfecb64c91,1
4,8a9a3703a34439c53fd62055890755bda8d37a22,1
4,8ab575ebb7c6f613d07f4708067e4347e60f66d1,1
4,9766de54dc8be4560b45d89452b016998277dae3,6
4,973cc9338ae5ecad033427a637e91565bcfd3465,5
4,9631227619ffe9497c67d92d20428682e5df8862,20
4,961d797e9c84557cdf56f7036558e72a54c578f6,21
4,9896c2f10ba1e74bb2bccd9699b87e78b60c8991,7
4,9abfde9e5ad7c67ddad907c55bfb2378bc65082c,1
4,9abf80c98ec19a4d195ba49e3f450b095f1ccff7,1
4,9a1da9b4209955072d97caeb9cbcdeefb02841eb,2
4,996e9c95bdcafd62e84c79c512d6ccac65c30758,9
4,988f519754dfb5c26520c59f3889ce72f65854d2,1
4,98c74ace40b089f2769afb3e56c59a64eef327cb,2
4,98c9288d8eb14f7af93716aa50735d28c6aa91eb,5
4,c9a89876de476983f273edbf108c365127c18c5e,2
4,923eb55473a1f4bc2cf5ee51c1448455d55a0b55,1
4,91f36c75af70af01b790cb1d97a3ece66f8318c0,2
4,91d3fb1dd4a1454289ece516f70236eded2ce1f0,3
4,9146c579dd9110d0028144c59515da9be1ce7108,5
4,90f6bcb21f07f6caef63a47786a417195ae5f386,2
4,8f5e344aba7b734efa61977651838a88d288a187,2
4,8e9d8f6fbf4a505417ead296b2c2a1bb15e6ba5c,2
4,9343be07fc3a7d4c5e8043a4a22f398bef563e3c,1
4,8e0a87a37436b645481b58216df84f01fed10d3e,2
4,93d547dcdaecddfa456aee0571131db2342e5abb,1
4,9417fa5c2e84580411e0fa4905b1f109e2d49533,3
4,957537774b319bb0109819258a11af78a98bcb97,9
4,949439ae5b0c5fd70687d1f946cac80552a5a7f9,4
4,9546527a1c34400a0020f50fe58ffd1f109800ab,2
4,c9b0262c4006f4d547726c03d5717bf53f6f4188,1
4,cc38140be4c7e41330cf7749c3eeba23c85f9522,5
4,de619f429f4b07f8cbbb04eca912ea818aa6c102,1
4,dde9196a49fd1dc50be65e4381518eb4cd9a953f,2
4,dcd8bd8ef1366507b908fbfe5f92d4346f066820,1
4,dca5d83027f2e44719fce7395e3a882f0333c0c4,313
4,ded437b77a08ba230a789c7a86f378aa8137fb38,2
4,e0369c834e0b37c17bea5495492c755d824cb68c,1
4,e121ed1ad291cbe04de989683d23f549d8e305db,1
4,e3b90752dd637dad076af866c8e99792d2646847,5
4,e3b3180f9c4cc8821e9092955127935fa956a988,7
4,e31b7377638b8d36be9b584e757814afc259748a,2
4,e2bfa5dd6c0aee7d7e34b224a649500b9e5c267f,3
4,e2599be9e073f1be8e929597c358e2664ab0c9a9,16
4,e5b78cabad22ffdfbbe2755fece9c6c535438cdc,1
4,e6dd58a886f989fc3f60d2466117ec14b0f7d5b4,1
4,f80b1f3a4a6a5ba3fa0366e8de425c5e229b6c5d,13
4,f7d96b25631612860a1a3e3ebed76d5a4511b90c,3
4,f7c3bad89feda8a6b380c2df732fdfd762f92175,2
4,f6f3497ef7d01c2e11b68ca96b7f84e566e6c745,3
4,ef30f7efc61ac249c1a8b43e41dba03a2bf0bef8,14
4,f214cf9670339b850f97da4a2d4ad64758fd0e4d,2
4,f2461183e8a70bae2362a5237772844a48e16100,1
4,f54abf09da257ce440aa4e5b4ffde5124ac1ee68,1
4,f5dc99aa49f4832e3534dca6fdc90aa072ef0180,1
4,f6617dd103dff6d494fce6ff9df95304375e862d,2
4,fee27209135228900cea58e78b71fbc4fdd7792c,2
4,fd509b937c4a5438fe02ddf06ade5ad56736af5d,1
4,fcedc17f5605bf712de0798cddb5d7f166b09017,1
4,fb700e20af6fa71a20656cd240df4df3c8f15976,19
4,f88e012dab201bd8ce72527155168afb885865f0,1
4,f8d9ec7c31304ef0176a8cdd7d2f7e354ba969cf,1
4,fa83afec25ff613341731e1552fe9897d755b338,4
4,fada82ca036bad8962f911d83fc325e6f48e363b,1
4,fb46f100a4d66342a0b101624fd351a51b6f14a9,1
4,ea565b2e30e15cd52ddfc2ddc6db4ea8f1c3de88,1
4,ea4297ded736c5b606a772fef9d0d7929697e159,1
4,e991459c7c1f46d432ff4312cf7409884518655c,3
4,e960f78ce685bc67946816867ee4ac545086e328,11
4,e920196fbd71822fc284ab76204bf75f95d3265a,2
4,e6e722226c745837c5e60f8e0edabaa67a519ec9,1
4,e7354e311ca0b5873ea89a4cccc0c575530d0182,1
4,e74e3f3bf744ef7f4d8ee724a7cf2347e486cfab,2
4,e76f8f651dea7c2c2e43185b078f7854216bc37b,2
4,eb5e72280b56427139bb14ffe14036f8dca6dba3,1
4,e786a376426b938738d3333f52891c68339ae187,2
4,e7d13c48027f676ef5a6b5abf2b8fbfdf0cc3538,5
4,ec39c462324c0a54e6abf06cbf8079298056b7d5,14
4,ef1fdccbeb6c9ca960025844b7af7d1a5b4b276f,2
4,eef290de39fbed723b666dd0ad9cab1dc5553845,4
4,eec5b4a8c942d6468d1f6ba389185116228de63d,3
4,ee87f8036f99fdfd63f8ef145f4478907682db29,6
4,ecbcd51fc99c565496be15cfd7eadca465ae4a06,1
4,ed7709dbe1599ff4e2fa0c65962528464ce54aca,1
4,d60d8e143a337b48f2e9a7373cb2a9e539423b19,4
4,d3c57bd4f38d5d3944da88266dd9b474a84d802b,4
4,d30c48a1943f165cbd18a33b629b15434079a15a,2
4,d111f4cd19d3d69558dd2186d778efb69b90b1e3,1
4,d092c9660abb6117811e99a5aafdb3f2e896fe4a,16
4,cc82a311d55e09cb44c61f989294cf8fb3547a72,1
4,cd16580d2ea22901b8273b22914be9205af5a9f7,1
4,cf7b7edb85f7e61462d1f8c3cc8292dbc67b6ce0,1
4,d66810bf0efbfad5c2afb9b304e1091ac6107a65,1
4,dc05078fe773100d1be24f057ade6c4411609e3d,1
4,dbca0acc6f8c188dfa48f07bb5886606bec8d28f,1
4,dac5aed3d5f9307b9d1ab0a8c7840b232d053ef3,11
4,d7444f5fc4414b51b2708606257381cc0de404e1,1
4,d8226074eee111dea2030baafb7d0d5992e3d42c,1
4,d8552f091ba50a775f10aefb581612c8078962bc,1
4,d8eb48aa55c34a25b581fa29f401cfe350d49de2,8
4,d990b5819cd6282923134564f3bcc59263eb0616,1
4,d9abee71f870d31d992402d2b855313987bf53ee,1
4,da484932625ab15681e469c1680b6371b8f67080,1
4,ffd9dbec89743c35fc8c6819cf52aec953b45c12,2
4,7bb06e78bac05e0e24c6ea81b34aa11f498ad61f,12
4,21dc92f967d01c2da3ace57b7cc04421e2fd296b,37
4,29fb61cca0340598ec28a0f8240b055d4eeb5949,7
4,29267ac4e8eae099064483dc4c4b246690a92009,2
4,28017b150683316ebb60b6d5be94c5c749ceb9bc,1
4,27ece261726695fc7d1b5fa95fabf1798fd0a409,1
4,27c6e69c82a8252aed664b4ae6e09e5627778586,3
4,271cc7b632ace0ce5770725d38abb2413af5410e,3
4,25cb503a4116ffe800aefde81bfbaffe5441ff7e,2
4,2581c36905db13dcd1df9a602c6201e3a9f80965,3
4,22a03b59fac9fa58cb59a6f240c8280a2a1eb801,3
4,22e45daefd3a3cd13a5d2e5e1c4e3533582b82dc,1
4,23d5851ebdb4d2f3aee160a19c3b9d1cb4b23999,5
4,241814257b774f39896d7384c3452ef22612307f,1
4,1f97e6b74cd1f8a880264f6da500087172adfa7f,2
4,1ef2c93ec134234e72abe254b1675bf4236f2300,1
4,1a824f3c644fbc7f014a910d3c786677a260cf7a,5
4,1a1e1b7e2dee58fc9be947dec84126b0e35fe527,7
4,1962206a01ada5b0edbaa13f2a9841d83937c27e,1
4,194290e5f3819bf91d87c5d08c152946b6aa3509,4
4,18b2660873ed8f028ee72981c882ed676aa08030,1
4,15a5bc40a4520d935bbc02a3552f51dda77fcc9c,2
4,14b6e76e7d7af9b99a7fdc1a56d7ee9309711722,39
4,155a516b54ed60ec796cf5b9f2d8705012c5ceae,1
4,1c98464839434a0fe7c7581cdae44bd3f2e6edd3,16
4,1ef0b078a8f690f72db8243ef4b8c207a5aa2acd,6
4,1ece746c815a26782042b1fca6069eb527d1029b,8
4,1cba1d1e4f1dd5ef77ddf699c17d2e7f49032f0a,2
4,1cabb0f58eac514bdd4528af6791d04cf936a05b,1
4,2a4b1c18a375a53bb19b966a464e5dc7de38399f,2
4,38d570a6b28664b398cfa50c5c243c3631cde997,42
4,38c6e610f13033bc40d0307c0a2f2e86a49564b9,3
4,38aaf7bca6d998d0d1a1839d2b8816735f9b8914,3
4,38575673e4726ea68fa4f4fde22603a8927ca09b,3
4,39c0d7d56397ab14892db8032464cb8a9f983ff1,45
4,39b3b59f6f6cea6335f264b56e370787d92082e1,6
4,3931dc8df0c57c7f50d23f8de532da0a51434f26,3
4,38df77497a98ed67a9fc7bcea263f4641d1e615b,1
4,379e4ff19987539fdf8fe397a4b948e327ea7600,1
4,3682ee7872e734e9d2f57f601192d6f7d7baa4a6,1
4,35ead0f5d17b0c53610b0947aa9bd8fee6da50fa,2
4,329750f91730982a02e9f0732e5d1d84eaa97db7,5
4,322e9f3700be4b9ebcf8b004d82868da71f919c5,11
4,3108f7c233dda01f2f41bc199a65da70a95c1075,1
4,30ecba897fb624df201f0a014b54a604418a0e73,3
4,2a4c1f288d284d3266b5aec4decb167a3af0a976,1
4,2bcffdec4c5a1e705858d977fc26177ea3554744,1
4,2c6f99dd56c707c5f12f72d7c5fbde54855a7fd4,1
4,2d5583051f993467b3fa7dc954bbf2fed3186d97,1
4,2dade17682071a3e1d60df4113795117e5c1833c,3
4,2f31d7122d8806b6c32d2d1e181ca635fb80bba7,4
4,307c7a144afc1262237ab6401a3f3f3b2491a124,2
4,32a2b1d8d000a19d4a340cc1d77a68973a9d65dc,1
4,35d0922f46c95bd73b1d070b6963cf3512167854,1
4,358c0c016c06b09fee9e39e9f8a5281fc9225013,2
4,3585ac2207f4ce09a5f49b9d18dccb73dc208e49,3
4,350c43b6fe02401a73f967d9ef322061638b372a,7
4,34ab38d63613f861f7d14b6f572ac42b57b10b0f,1
4,33d31d073ee451a3848192a4737cc06ab83cbfd6,1
4,339c18074adcac7395ddc8dc09a8ec4837a17d14,1
4,3355d0c99bb946a6441f08fe6fd1c9881a9ea96a,5
4,32b7675b726a1ca62f5080581f6daaf9b7c6a48e,5
4,3344cf326e566daeba5bd387711dec238c100d71,3
4,334584b8349ed62efac23c80062c24b062d00d4f,2
4,0c04821a25c83fddebb29e8cd590609142ba20a2,146
4,0bfd6048574d61c138fd417051ae2a1bcb44638f,2
4,0b677ac70d37f9064d3a0c0914794f60f66d64be,2
4,0b3ec2b55d4ecbaf3cbfecee79599a71ac1481d2,12
4,08a3845a599b51d4f3bcc81f4f369ec497bfc055,4
4,069dda77b17f25770e68f4460c27d1c0da8d0f3d,2
4,0676d8b1733589a869098b9980118644b3bade4f,2
4,06579c5bfb6a051a9fbca5be2d15a52fcf77f38c,1
4,04e1002ad11b41d6483e614c673cfaa81ae1a551,2
4,04d742bd3d6ce8ad24b21f2be2d6f3ea5f8a35a5,1
4,047b56833ccd293ab8f9b1f61460d6d4cc1075da,1
4,0466edb4ad41c8549ca6bd7be16b064274bce4c7,1
4,03a840de533b1f1c201aa4e99f95f42f9a8269a4,1
4,039bcf92dbff48d1162016f8cf4ba08a99071717,9
4,02d6b4e78c4f1bda5f20e3089af024c58fe6baf6,4
4,095448552ee41e62e58994be0f424df750c6822f,9
4,0b2ef95640f41a3edf5faa73ffcaf340da311fba,7
4,0ad37cede4624e3d4764c400b1b46fc195420941,6
4,112f020c411c9d14f34e480b98325777b25a7434,3
4,112dcc40900d503ea7e416e0da0a8fd9b08a9c17,2
4,110a4fac4257fe2df0e23149fbef76e750604cf4,3
4,0f5c5c6431cfe7e5227d90fc08e822cd3b2cec9f,1
4,0ef26ad2e9e6b28a181ebc128f96671cff295043,7
4,0e7524da21b756d34e20fc80ef974f66a06fd12b,1
4,0de100dc1ebef241a1d2afc6a544c8e65090217b,3
4,0c3e06764069ea601df5ee7db30721fdf70a42af,2
4,0d1163dcded8f234576b478696001dbac7edf5fe,2
4,1267cb958c507f123ab135cac638768009dc84b5,2
4,129c937fb33328e1f4ee8815a94e89676f242c2c,8
4,13d8b5f7bfc73c8f4064a57f634b6155991eb961,1
4,689f66222bd8984dd69229a4ee9caf8da528ae12,55
4,684aa14bca9b1b0f2efef96317ddd9aedd8fa19e,11
4,67604f618d96ae00318ce696ec29a66bec6aafa8,6
4,6711a2b670d3ed7653ff68df83da79fd6ce5bde7,3
4,6663f063e6a7dfbc02985d3a86c36a675347d3ae,2
4,656bca2dc8bc9f2f13b8aa42e0bdd3b94202f527,6
4,67ac248168089574248b040aee68e378991539c7,1
4,64b607fc113cec3c18d04574ee1c024192d8cc43,1
4,60ca88944f343d6941fde84eeaa66f3348e87a4a,113
4,63d4dfaaa622d4cce72a09cdeead267afa3453a6,7
4,62efd9184c86aeafd503119a3e5721921b941aba,2
4,62a7ea2d2041ea4cd259d74d16714e3f00ebcaf3,1
4,6184a7f5cf2a1d97072aaccb9fc00e08003848e3,1
4,60f5406dcc094d0431420139bd002e8bdd4ea5d5,3
4,60f20dc23cb08d598d605f51f7526725ec42abd9,7
4,7995b46276295a7c1d8afd920d6900777dfeae59,48
4,7826bcb2fb1facb697a4c512776756c05d8c9deb,11
4,784fabac7d1586a5614bd4bc8854fd62850dbe26,2
4,78c6624b11d5f33504dae8211b4592383468343e,3
4,7a279cb3853415671f79fd47de72eef837950bfa,1
4,70e64037ff295874602133a1d254e5a0440ae4e3,6
4,70cf626bb5492e6f3ca67c22fdee0618e7fbf4a1,3
4,7028195274f67d2c72f4c5ee472d0dcd6a97c1e4,1
4,6f6d959fdae64065521990413f86bc7ab038d7c1,2
4,6e382aa9b807c61adc88eb0a2cddc047382e36d9,1
4,6c57d76915a7e79cc8b8f743ccd8ecc35889ce7c,1
4,68ebb704fb73ad1545ae82287f8b2a5f68d8e69d,2
4,68de030b356e83ca5680986a290e98cfee8fd550,3
4,68c854d68488ad5879bad088a40aaf8dad68cc59,2
4,68c0211cc26261a34a5f55b91f9509ae4575c731,1
4,71ae4df298f42039579fd6e3c6d9d9060ac91214,3
4,76b7d585e03b78725f8a276714b233a14cd9c217,2
4,768059cfc4c611f3212d0b92ff5073541a852faf,1
4,765a9659afab41bb61731390f3abd10d3e2d8711,9
4,741811aa73fbcb8ed84e0939f2d87d18331c6fe0,1
4,747da632ad09a0e8fc279bf3b1afa2544141d01c,1
4,7489193d5953bfba8c892e5aa98624e4ec73dbde,4
4,749a65b776c8fc4b39b6463695980275da34da51,4
4,755bd91f75ea56d8df25148509601d29a04a756b,1
4,761619286a69e3e56ddceafef79802ffff521abb,1
4,4831a8dc6577f762e0f21fd15dd9700fe824740d,7
4,479ea36f8b3d54c023e2c205f7c9bc9deb2b1c89,2
4,471ed070e9e0b0860b0146f26458c5c0bd8169e0,2
4,457f4994a58d736a4bddc95d2f053e6030c01950,2
4,4425f3ec2ba8004d4f2afc271dfc0f1f0df713ab,1
4,48b087d327b4ca9ed4dcd37a4f47475cb2216861,1
4,43f7cae330166c3b73c9c20e0861ebf0ad89224a,1
4,4313b7af81f7023aa7210f08f2992eaf9fa15633,2
4,40ff76547064c3fb5acb9047a6f679dd4379a4d0,9
4,40dddb9dcf8ba654e16f6497020043b38b6d22a1,8
4,49e9294feb2e5700d574857ea330be89f85dad7a,1
4,4a27e9179f17ce91df3a6b8518578f82cf1c8c86,3
4,508eb90b3c8d494686651bc423838f5750f60c92,16
4,504b9cf55afd9d642e2a5323e18f79db607ad1a9,6
4,4fa9814e3018a3c8797f79485f0132b4d9b8b690,1
4,4a50bcd30be1853aeeda48dd877d5048ab6fd96b,2
4,4a627bb009725d7fa938c1599137cfd77d3fb6d9,1
4,4db72885614c8e9224b0836b85f58acdb4f005cd,4
4,4f24a30c12032b7033884a630696014afd3e77cb,6
4,40c2e6aec09d139a4e96b45856020a5b324b01ef,3
4,40a6dc7dd5ff6843b82f904516181182d512d0ca,5
4,3d43a8dba89ccd7333c3ebcf74928e441790d943,12
4,3a4c135529929975691ae4a02bb3bd80014bab1b,4
4,3b44fa37675c1d68298283ae4b8b45cd5771888d,1
4,3c0faa9ca18de3be0a178e590086888f4f89612a,3
4,3c51907351d6b0ed6a6cd56d3417ce35a32df186,1
4,60b1dfc169156f300045fd0e01e89b890661b5a7,6
4,561613d57990912d3d8ddf7a4b6974a5d26c431c,3
4,55e3ea0422e36c64c70a8381b4c8fcc007a6eaaf,3
4,53ba84f06d7a2e8f209257a3d013af71757157e3,17
4,50999cceb5f5bcdaf79baa5ac7eeef90c72bda8d,1
4,515ae8fef6c074dc16695df37459862a49eb1d5f,1
4,52454c61993e4d4376d429652104ae404503c3ad,3
4,576408374d58a3e9a63714b6f7761cb42a315102,7
4,5355762a6f90e3ac5f3bfe4d2e8e2b862f91d21b,1
4,60102293782e942ec86d7e2c26836ed6fa992cf5,1
4,5f8697391232573026bf0d06b5501957b6c480fe,1
4,5e62ed01a7e3e04e5411cee897815e7231335619,3
4,5df46746c1640125fea7e38c29481babeba63743,1
4,5ddcdf54828b8543613d2a07da1139cc4c20ea72,3
4,5dc83fd2b8eda3e0b880b8264f118113b5389206,2
4,5d4e9ac850d45d6c4eaacce502993f74aff895d4,2
4,5ce96235151e818cd0d2af67134da46200c4a143,1
4,5c4e76237ffdfd832dddabd5a0f029568f591c7a,6
4,57edb21a2a7b53ed9d996c9b7148f7d3bc7fc438,2
4,5b23460bbbf6577f6e250eec7434d916a873582b,1
4,5b6f64a46220911466350202ae974f167497225a,1
4,5bec10d28ef6732c76c518473ea532ff016c2a80,4
1,00d3f9070e15e514430e5dbb2aec602547c3c92d,1
1,b16374e5c5624bd138f93164026b7b12150d1962,4
1,b249f3b9beb9383136a0dc260544edd1b1917211,1
1,b3ae737714ef0f025663f362bc98c85a8757ca56,1
1,b3fc3c32fb548a9247cfbd96a101eacf8261a892,1
1,b40e91c8e998549d1f18df8843d7e9286947b92e,6
1,b9fe6f99398843d84cb967cea29a53996019e4ba,5
1,b01bc2af87ef5265e5b2f609dfc283d7aa931428,1
1,a8d1a318ab9a2f41614d3ffc693238ff46dafa73,1
1,9b203b66891c1d363529a1b2b46c8968bf54d7cc,13
1,9b6bd6bbbe752fceaa4517b3eda7cd678679198d,1
1,afd09e970ee8c2e4cebe3d71c9f5b393e4d1ac11,1
1,9e7b7c04bf0a2d1c34eeed8f28a52a8c7009aaf7,2
1,a0594600652b5f1716298e9c444abc0fb5cfc279,2
1,a30fd7a61d0fd59bbe04a99891aa4cc848256930,4
1,bb0ab4c92f297b09ddd5c031b47273813071801c,2
1,c533aab3d23a25f5b5d1b87de0fab1680e897948,19
1,c5ba799c68387e79a6446351ecfe633c186d858b,1
1,c60d01db2f93a5798cb674c16519fb253d7dc973,1
1,c9f5ec07de590fccc69f3a3f3500156893ccf768,1
1,cb5c9cec34490559f0332941dd6b22e29471b9cb,1
1,cc8beebf656e6ab6a57dfe4c35defc87b24679da,1
1,bf8248a5473f4accbc29a3b118e08b4bfb62c946,1
1,c0ac0cfff54a27232e9aca9715636b9c27a7bef5,2
1,c43f1ec30d1e2d6a9b7b3863cd19e01b72c5fd32,4
1,7e4beeb66e3b5e66907410b930b653ff5ad63ead,7
1,81a1b3bed4b7d9593cea83145695ccaec15a4588,3
1,8247d65426ee3658c18f540e87e2925f9ea4e4cc,1
1,84b9b60583168eb16c855d5030ee7d0ac92d6c68,2
1,884593d0e46c4eb30dd6e9ac8056bfdc2848345e,1
1,896c03a1394b28638a407335b4835412cc8f42ad,1
1,8a70ac168500cc60c0ccf8ec6c8c9e34885e3dac,2
1,8c97b851facbbb14d7d47d128679ded9dad99776,9
1,7a4b626132899b7b155390e27550e365e3ac57c6,1
1,7b130a665d4cfbabc906e1d123446251220e1535,1
1,7ddaabb80d098909e3c809c865f9938d8a6eb18e,8
1,7e499539232eb68ac70a48bc6f720d62eb836c27,4
1,904bf94b7c4cad1bea96fb9e8481ee307e208f65,10
1,931e29caa3478c546632d29baad3cb250e0c7b52,2
1,969d29a127399f27c192961a89f04260f35ae62f,1
1,999c72be0468664c711159cd53deff79e62ee4a1,3
1,8ceb21ec575a5c6785f9098723b4b6a09214ed75,2
1,8d5e022f4866cadbab4c5d67b28bd2fd6f7bd71d,7
1,ce00264bd3c4b8963ae18f5be2bb6cee0f296e20,1
1,cf392789e4d1a4e7b8e450ccd708f4ad128e3c1c,4
1,ef71254e5f8c3db0aae289a15d47e0a3c457f26f,46
1,f044a78ed5b137f1e750d238f4e49803cf83636b,1
1,f15eee44eda9750b9d1341ff0801385426775e1f,4
1,f3cdded55b669f63437ebefd8200b2d002b18fa4,2
1,f4a12cbb41130fe88bfb84f390e5985ab62dade0,2
1,f5ec6a34242220af940781c226b0a15d82b3195b,1
1,f7a8ba0b448a8643bdb8e989f19468d6c365e8ee,2
1,f844530c11dca51bd8d96afc87b6e94d0a20917a,2
1,fb98822a9c17acfb6846d3f07d368804e155fd3f,1
1,fcc61f76f9efb1daf04fa124c9fecd7b0fec6036,17
1,fe0d2bbf14e2c07fd0c4b5c506dfb997a0d917e8,3
1,fe43ab0b5c3541fb33b8fddc6a1db60260ff52b3,6
1,fe6d0f9b2a68063a086fa9da80d04293fbe3becf,6
1,fe022d0e9388cb45a3eba6357b23daf9708ef142,1
1,fd9d915d8e1641d165fb5d0f30ef2f1a738b9a91,1
1,79dd9c7da0d7864aa65c5dc1e3f3231af6bbb2de,2
1,db061137bc7a757a527773e3024083750982051f,3
1,de8ffd99fb27296b64055e8ba9ed793983e8cd1a,4
1,dea55b54a1ea55d7324cb76a53332f54eae30cbb,1
1,df948093ee4c32b6bc10f5873c46447942c3855c,1
1,e7dfcc5f0000416db677b0234fd6b35a12b82229,4
1,e9cc00a53cf37a730fa675e88e57d9c7e1e36cfc,2
1,e6a1aa831be8ddc4370edd458432555a78d44169,1
1,eac2c5f7190d148e72341ea289b69cae1ae2a866,5
1,d8fab22ab289f24caf73e2af9d486b92afdad490,9
1,d03d9c0016dfa36012b9899db36fe6eb6e62167e,1
1,d1ca096e03fbc57665cfad652cfff90966c29272,3
1,d665e56649a4b43128714c2bdbe83b9c1d037f73,1
1,d93a64156f2c8d2c88c761a6b65df161c584c04f,1
1,ed7f40e63588eaa7c3e80703aa1d73da1a8476e0,2
1,eea6cc6fd33f50607302593bc20f12db642f489e,8
1,78e190d989aa9642df890588b69d12e7c11a3f20,2
1,2ef7ca064584f60416581b0793557eb4277136a1,13
1,2fbdfadb05aefeda57e7499126c816027f75c928,2
1,365a0cd97bd8ee597e937ebf88170b30685047f4,1
1,368dfbc96cf8e753aa143fcbfaaa327a7abffc04,2
1,39fcdb46e07f2f14319a4031d86bf8f3dbd1d405,3
1,2ca195069c02c48d7d862913247e08000e282439,16
1,2e15cf9e75e4204aa492ecc1cbe53053f95a2a8f,1
1,3a6b251633bf533751c66594ded8b827ff67c300,9
1,3f1c5ab43ac339b81c0b9549e2043490d65bdd3e,26
1,3b788b43a599b6971a355e2439dba5c9101051f3,2
1,2a2196a619fd007828bf212aeab9742a6b318264,6
1,0e4fe60b4b5c19bb2a60e201b4518f988d4da613,31
1,0dca9b0529ab699d2955932c0f5eeedf51170014,7
1,01d6fb1a133cea6fac18f2ef1ecab1cbee86b569,2
1,026a35e78a390e8941ee8b24149877ae51940c19,1
1,042c148ae9a340334590a865a2f6a2944f552e4d,2
1,06d449fa1e6ebbd81c807fb62dfcde76cf58e7ae,3
1,07762cd772ffc29d9e23731f19c0455c5c5d89c9,2
1,128ffb7c7fd7ef1bdd6861c40348856ce053b4f1,2
1,138e2bd3c01d5dd67308d1112174bf210a03178f,1
1,15b306a767d747063a34fc66d24e316630a5151d,1
1,1a013d078f43fcd4e5a7e31f8b8f53d69969f6fb,1
1,1e15eae3007415b53b26b3139445a385badf33ac,1
1,1e6581f278bd189906db578e33e054b4796bcea8,1
1,21f327cc70d010af01d57ddb2ff209bef7f05033,3
1,11b000ab845d13381efc6af447362e0c0a68d12e,6
1,fec3b3a1a68fcee5efe3e7c67d7afa4abeb57b18,1
1,42b6f8c5de4d63c01425a8b5c7c4765b84f798ec,13
1,4ce7b69ca0bd899ae5c49d05f48880ea54b13432,23
1,4d4cfb7656eff80446db01f7b885d5096d998d21,1
1,4d5081891e0d9f3968251842acdef41a45cc2330,9
1,54363686dc5d6ce11adc6d8339383193b04a0080,3
1,5523f8437337e0cf819d80e117a3411bccfcb31a,1
1,5628f44b0186245f469923a0f8e8078c6bd49024,3
1,5ea679fb5223de4364d8b1bb7d46abba2e99ced4,1
1,6203ad9f81028f68e4b8b67100d9c7c0bab80b31,1
1,67c2ce13dfa2e3a32493b041b7dc93f1fe2e4be3,1
1,6961f57ab97224073743b1f14a0395a493c52985,4
1,5c17e2f6c9995c398826a058ca4a01be132b82e8,2
1,6efe1faf6fa80029df16613571c62e4512e0fbed,1
1,722584bcfffb2075e61fe2cc1e2573d8458e0e3e,2
1,72c2233840b1fac323b8f227ab77dfdc7edbbb95,1
1,75077e0a18ab9dcbb836f14afa736ab251a56a8e,1
1,77117c7e6e8f51089a41ebb1d1b07bddb24e3e66,1
1,6a12880afc3fb8497578b4646e6e4f28571d267f,1
1,580d31ae906ac28f608427d4c4d2318a0e8b658a,7
1,56f11374c2f5d037e57d274a3c72f9694cd9e05c,5
1,5795931d159f0a591e5dad3d9de6f8d0e9785413,3
1,4cd675dcda829a9ec613770105909ab9cb36e722,14
1,4546d5d88a331db779e72fbf453bc5abd69edd2d,28
1,4c584a5c8718944f3bd1e34bfb4d3014dae08fd7,8
1,464011a2c1c095ac00c63960fe13def9839de75d,2
1,46598adb1da0f6d2498d9f8b815b170bf95fe1f8,2
1,468e0efe878ff66f156114cf2fcbb5fc7d79a513,1
1,4b178f1233a2ed6275b86afe78c604a71e2f4af1,1
1,4b2e64fc3eb777c2bc109527d5d77b05b347207e,1
1,4b36afef0eba46e05401560581d8ad14369d8c19,1
1,4c38147577d47227b05c0bdb0e8bfefd0f995dec,1
1,ffab8145393225741167a003577696549573e857,1
5,00723a2e470aeee92d3725435ca075b59e71f3a0,2
5,980c8fce531429f1d47b834eefd8a3e7a206fcf1,7
5,982ac7fa65843992fa4bc9fd95483c2e6f5d00b6,1
5,98fb0f79bf1d8cab8c2910dad4d1d16a72134bd4,9
5,994016b679cc821da08ab34d543903eda0d16758,3
5,99c6ea82ecc6aae4aeb1b8a9ff2346ec1d876248,1
5,99fd6a6c558a7d15fb322f5cfb669be95165c446,1
5,9a5d4bbbf5903e70df6baba7971eafcc361da06f,1
5,9afaf060e08ae98d6fe7e03f96ecd5cdd68884c2,2
5,9b806459aeb8deccfa7924db46d7be9dc71e334f,1
5,9f909ba66a43a585b696c13ca1c71b79908842a0,2
5,a160ffe90be98529de8a20e7066677da5063bb95,5
5,962168029ea3cbbd3dcf5cc577b3993a723ddf7b,1
5,960f476f2f4219ce59596f2c6ba1c435563eaff9,10
5,894240bb09b38387e09fb52eb48938e7046e8ee3,4
5,89f7edb8e5fd648a7b7de7c2bd724fcbbcc49fcf,2
5,8b0353517d678e65a73d658c40d11b60ba2e8842,3
5,8b12dc0c8a73d6036424106cfda671e924f1b7d8,1
5,8d540603ed8e44e7ebe19355911d326fbebe61f6,2
5,8ef8095a7e12fbb302a3872d5d8d2e8c9e63baba,1
5,91173805827c01541c65c9f3f9afb67b3d3eb39c,2
5,9296a224084868a223852607d116234f50d51e2e,7
5,92bdbcb031cebce981f2cab429532f9480c604b9,1
5,a636cf22635f6b21b89af42126e92b721646cfc8,2
5,adfdc82672ddaad2d6f9fff75a79f439a28a0479,2
5,aeb01ba1a73826f583fd2d56f929e3ba7a154e45,2
5,b06e14d1d21c94b7443eb2426620c00b1b2502b6,3
5,b108e3b87953677b4e32ad93ee18f6285d1fe3d4,1
5,b16c896200a12a2b8586b08e4ae2a9b628de7907,1
5,b25e50369b3184cdfd71bf0c4396c5ee01b49815,2
5,b39e5c0d6ae5c18cb969d17cbde0a6f53a6b9eb4,4
5,b4cd0595feeae16f552531884641d22d7cc7ec9a,1
5,b59fc992824c4f31c56e31af1743527480c12356,2
5,b5e8955fada40864b4605e7ca4ed550afe259ab5,2
5,b674fcd7b2300168709fec40efa0eaf484e7f522,2
5,b7394d1b5406a39747458882dddd5389d05428dd,4
5,b9b68fc589f43c7d7567707a90f9b23d708799dd,1
5,b9c2151641712554e373c34f4f933cdc5a5b1d50,3
5,adf3e467ca49e0e988009751b2ee74d17246130f,1
5,adef9547419bf69a92e5418d575bc3a02c000e30,2
5,adc5443d2000ea8915fd4c3b5dc5010e6d88c685,1
5,a6aeb4a243ffbfadc6e16536c726742d3908706a,6
5,a7903309ecca97d8c55e6a64773f76c8d551e23e,3
5,a7b10c9fc07673f0ccc57e3322321f60dcab8615,1
5,aa144637f5e1c76f4eee0a02fa34a3193668912b,6
5,a5478fbce62774162381a8103ebd0935830f083d,1
5,aa30be94278797f8a42bdc5cae2d5bea29ecc33c,2
5,aa90576af32a000eeeb1559bbc0d00952da6cabf,1
5,aa91d400d8fa42daff85e62798f96c5b01575ba8,1
5,aabeeceb0526b7be8110ed9fe9769f6adc6b380b,1
5,ab09a9b1df75107d03f6e6bd1362b7093d6038e0,2
5,ab3395f2732363b30bb890e959ed85e999c78b3b,1
5,ac2a07fd8e934fe2ba299447c4d9ef09e6f0d3c3,1
5,ac490ded7450126d783c069c54682a9d4555bb37,2
5,ad62b66f5a2a5af2c59d58ce5e0f5d731f3a5030,2
5,8939f4511615901687113933045eec52f1c178d2,3
5,6bd1277b12e2ed0ec4f8619bc36f06392d9e3886,28
5,6bfce9948fce1d89eb4d0f670a65fc58ddaab2a9,3
5,6c2fb853e0854810cc05889ae1b803f2603823ac,1
5,6d50a0052631988cb237d5a9adcf2798ae680a2d,2
5,7017debcf2e7af0c80850ef74fe58facf0388d21,8
5,640c5197ee73b2c2fc18da1f4300205df4763ef3,9
5,64e7f5f2d705e043c918914c92cf6d74f8fa1c19,1
5,65447a46cb42a81ba12e3ce3f219ab6ed61e0ad8,1
5,65a2b3480e73cd718ff204aeb4d6f686ba59138a,1
5,67bf1d6b42423f9e753efdc4eae91654b32d961e,1
5,680c424e00954a88046a7660c0fafe0d35b73804,2
5,68672c4e210ee6013a6731fa0190286d0dc00a89,14
5,81e620d4bb9957738149c5922d58e3243db8ca77,3
5,837f4b0b3e37395a7d9ee0da60be42132e601333,4
5,84b366d17eff68fc3ce7638d4043963f54d7a8ea,1
5,8521e727ea896cef2448ee6711f81b0f4faec7f8,1
5,86146de00934f5aeca41f4124dafcfa6855f23bc,21
5,80b719c61c9d981661c3d3d1957715788ff53556,8
5,72b1eaea82108070dddf897deb3f2c37dd338dca,1
5,7392ce5942abd82431044ce7006a1b40575bea79,1
5,73acf6cb345c565a35c03371c6cf84214bc1ee5a,2
5,749d319e64fccd53130dd0cd1a52db693dd164cd,1
5,757b246c872a4b344fa118b37caedbcedae469f4,6
5,76e8b1fea75440e321a0435be1fa5286f577f9d2,1
5,78877cdbfc51f59e0a39583a31e464dd31e74001,1
5,7c9cafe1744df89dfdd984c1415ea257cc60b81a,2
5,7f2985cb2501923e2904f5f1a529ed8dc0e29e9f,1
5,7f885ec1b281bf00ea4632e8ca1127d1ce320455,1
5,7f90bc7f6f6b59a6e295812d6eed0162e98c2bbc,3
5,8051cc738e13f10ee3605a237ef1decfa18c75ae,2
5,7bcf777e04b9779be892b0d0390c443eadb92d73,1
5,ba1a71f8d1ab32e26403252055509067a43c0174,1
5,baaea97c53cbafd76dc192abc4524f99a02ec93f,1
5,bb1aa9df478ff6e8e3cf1cdde3e3841653c5a577,2
5,f326aa92ff3f1f8cc2dcccaa0bc592b58d7df5d1,36
5,ea3711da4c9961d09358adf80ff7cafe18465856,37
5,ea9683291868de4547fe5f4f9b0a08b11497f255,1
5,ebe57868eb4b7fbce649c732cc7f4ed5caa0292f,2
5,ed5fff7bc40841989f473341a11fbf5fe6687239,1
5,efa8dd57077a6a6f124985f80c29396ad35c0fe8,2
5,f0889634f224b6ce35f9cc4296b5282c04ec9d7d,1
5,f1f302471c36a4200a705fea42c91fa9c640aa38,3
5,f27a49222d0dd42a432ec0d99d257f9246d13159,3
5,f35bf4a5e7f02ef59f6d2aec3a3f95bb6158cbf6,12
5,f9429538e747f96089ffc1860d07fd2dc9df6491,7
5,f9819de7aa52b440b56bce1e0db1469f4b5670b3,2
5,fb281fddcf5ed34e231d289de594464a96728c72,5
5,f8b78ace2c44d71ca28836d751e84f7740f535c1,3
5,fb75bf7a52feaf8d284ee8e5a51e997c4497499d,13
5,fc73503c7ee4cbd3cd6274e0634bd88fd7069986,3
5,f7fc6afbceefd645699e38252f5da7f3ea52ddf9,1
5,f3b2fee932a9b74d7729b1093f59cba2e3e69a7b,11
5,f4f40880ece93f832622dd643b798a22a5b3b66f,3
5,f55739e5e8d6714edb76bc0909123fdd5c386c4b,3
5,f634a8636c79d7da711e25592e36491442966cc0,2
5,ca659bfbe152e16f410689af804e0ac90930ff82,22
5,cc56c4be688b9395eedc5b4c0a18ee6566feef8f,1
5,cd74c8c39d3845ecde4147fff71cfa6145718819,1
5,d219ef5d2c83cc9e08341b47f514bf4d425bda10,1
5,d2540d78b88ecb4f3fee573dd470f6180c0d4e16,5
5,c9fc91ec46abac4b6d676072195877fde8b5b9d7,1
5,c937e3acbb7e8bf24250c99a111318f7df6a2361,1
5,c845b8047e607071c8e8b2c954e845f94ac5f905,1
5,c645fc1d3600ceb72f50f2dfbbfe42605cb9d0f2,1
5,bc67de2f357abd01aab0aeedd88df95544de3f09,1
5,bd00ca6dfa8c1252409fdbbadb5d19b4b39bb66d,2
5,bd82982d91a363e53e7ad713397801fd14533a9f,1
5,bdc8a76f62726d610567b1407fd49e57ef6417d6,1
5,be74b4b58ada9e8b4deaba463a08ae478977549a,1
5,befc9b9497723ac89c7fa09f3ac3e6d0aa260ea8,3
5,bfb7d68868f75bd6fa982184d8352e0642271d75,1
5,c03cc2943adf34612fb2a4b278ef7b2820799ce9,1
5,c178c347b129b209ec857eed247c7f3baacae714,1
5,c23f826bc17313e2602fddb9d318342a889a54f0,7
5,c3f9c72bf40866e92926e8f94174752c76a8ee13,2
5,c51e31398e63454361f0d5da0736a2ce57ede887,1
5,c5f1ff9ab053bc64ce0e05e550686204dae2973c,1
5,c6262434df748af9e481856b62b89e16ac8d3869,6
5,d25624c7f4b06edb5c67dbfdcdbd94156a5a9812,1
5,d28ac099cbee886fdc96c7ee2f5f03be3bef9523,1
5,d39a8f3441d62c83404796c17841f39540a16a84,1
5,e9f55c8e5f30367fc1d370cc9b65596d0e9abb36,14
5,e9fca8caaf2bf5bd8e766167d257ca5de4aed69f,1
5,e730211160412df05a1e1e6830652e20e3b524b1,2
5,e65e4b9e657bafa520560429a813faa60e71e5aa,1
5,d3e8512ddc32e4fadc90d95753287910c12b8c98,2
5,d4a9908da22adf744348ed867fdc4bc88d0e0a32,4
5,d781831ecd82ae4a6e32d4f566095d8a8f1e2413,1
5,d9021f4c26f406d71672be15c7adf786f77976ab,1
5,da6bcc946aa55312c7d08acc0e73dfc97c9551dd,2
5,dbdb5c8ab8f27de96d75b2a659e83b976d22b84c,13
5,de9557281eb5c1cae5095d4d2f2bf6cf4b26caa5,3
5,df9aef58ef36eb97818e35e61ba6cb31f0c67a6c,1
5,e0b1061e643bc398294b9a359852459ecbb1581c,3
5,fdeec4886d9f767288d686a93a7a199ff3344349,1
5,64085c0e6e714dd693a7477535760bccbdf828b0,226
5,3df39b229da5dfccf1e112a58f3ed84b4a4572c5,2
5,3feb0c471faf39927656a1b6613cdd48119690ef,14
5,402ade3f2fe76cea03c4340db3541bd753e0802a,2
5,40ddd9997f4a31733fba21124749445e10092178,1
5,417b4672655c0f00b9782ec183ef7eac00d6b7b9,43
5,3ba4e50d07ab96c9de0e631eb6d6e5d122ad58e8,1
5,386163ac6a9ad376bafb883cc4f6624d404fce7f,1
5,380be07c2ca071f1437084505b0510f4243ea242,9
5,2f40d22cfe524f7ec39e3196f94ef0997e694f8b,1
5,30c5eba50fbe28039c4d41bb8389bfb118719f69,1
5,31606f7810e557f4baac1ad08abe9c1cc40eef06,2
5,32a4f50114bd1dba31673f998ccc4b82e5a0cf63,1
5,32b9e76a0efdb670b292f1bffd7d32702ae6fe9d,1
5,337a814f1ad00244ca7d0b01bd9a3ab1b85bf3cf,1
5,34e355c2ce287611da50021e8ef006649fd0ae55,3
5,351a766f04e0e668b318138b7af28eb9ef304447,1
5,36b0c386c286aa8227f128b4580c1124c2c289b3,10
5,36f973d32bef421887d5d45d32fa58ecab08ff9c,1
5,2f3f7f5a1b1663c3d2dcf3bcff960b36aba27cf3,7
5,4b532ccf48dc681f851047c89ccc661d7f535bd1,1
5,4c7a586787739769288a7e0ecb5b448d2a358604,25
5,4caaeefab651b93e0d6fcbb745b5ab3384a6ade8,1
5,4d995a5d363119f1f8e694e52b938ee604eb2b79,5
5,48511d4bb9892f4c39091405091f52fa03a3fde4,1
5,466f3c9a8606d3139602af080dd5dca8340b7f58,1
5,43c6c0d8a0b86f86faa1b71d8db1a276bffee227,1
5,4335a83bf353c411a3a0a89ec87cde8d24b0c209,2
5,424790ad7a1b9e9e7c9140e9e81da3e1d6ac9987,1
5,07d6f70af1c1f8e90389c3b5c9e29427daf3dedc,56
5,02ef58f3e0a72347ac662cc20c2aa3d106250a2f,5
5,0467abe7fece242209c1ca0a2768388561723873,1
5,05136bc9f3196ddae32168608a142694481569a2,2
5,063cc5ba23d3e567758b2b666779c48206569e95,2
5,1f5a9dacd7d77f8f1e75de3b8995f52feb5c0e59,2
5,1fc532a08879424787c1d8f353d4c8237f2babae,1
5,20d0c8cdb28bfb0af2ad583d8e9540269be18717,1
5,2198f5fc3a0e5d8128c6ba2d1dddd14d67b33512,2
5,232a1ac875b41f4330e672e1d9bf792d2f90f6ee,4
5,253960e960c64fe55dfca47b0e56abb457e35860,2
5,255bdb26c18062b07a7d7774a34fa7edb52000b3,1
5,25b6f0cb26dc3fa6453c8c6a0bf9a7e02e8a8fb8,1
5,27e0f5d4ce4d337de3126ba176e4583c6efcee24,2
5,28be67f222b667d1c4b2135a0ae83c071518c7aa,3
5,28db256817cae1c2a9081699407ed3dc35903563,1
5,2adc1437cc2578eb6fb1291661a68d629b817c9c,1
5,2d2012622155563ed3da70a2970aa6d47efac166,1
5,2e5f86f9f02907c6b0db5829952a60507b5472df,5
5,28b880c3ae09c11e87d48557791b800e085dca65,1
5,1ed9f013c6eb72e0ffb199f36caab026c7ee8349,3
5,08f3765075c3e2a661078072cf07f4b720ab69b3,3
5,0a737643bc4e0e80f88dc48038bf0e9359a8f671,1
5,0b00e52cca8abc7183912a3f7fa1a8acca214e67,1
5,0c2b2730ef6b39a65a121e9708a321c4da14b644,1
5,0e05e5646d926e0b32050622ac91efa3199e00ce,1
5,108a74da8f92c61514e8a0a7ab62c15ed39d96ae,1
5,147122e2cbb79cf6673bbf755640d9ed9315b5ec,1
5,14d205b4e787be8ca548ceb7ca8e0d9c80be993d,4
5,153e41f1b952cadf5a61cc15c157481420fa2bab,1
5,15f8343fa9525faa9d111cbc70c867f11aa00380,1
5,1921eddd1b116cdd6fe994e254836ca8d3c6fc34,1
5,19b0e1fbcd53877168aeced1a8edbf5373f3311f,1
5,19ef94e8990feb5b6215ac69fb172da4cb9a402a,1
5,1a38f5c48702480af64deb545620c68baece380c,4
5,1add86dfefdd77d3bbbd3dc50cc43e26c7edbcd0,1
5,1af464c7659893d50d4edde7e6d8665276c90ee6,1
5,1c50d655aa00aee792fece6af792c0001de0f5fd,1
5,1c5ea6f5eec91e48b0632627b197b8a85a57f177,1
5,1d435f11d3fe4752fb41a6b4c18234c2720fe7b0,1
5,1e24cfe7bb48bafeec1adf75f680ac6f08e73aab,1
5,1e81082536981aebead92f4217d3ac3283163a71,1
5,179a98fdf5f39a89a982f69fd325098982346384,1
5,4f857f75e2bf31dc9bdf0e1e650187c773c5ae99,1
5,5fdca583a14688ea9149063030411ddd9f7a1075,1
5,60dabf1ce3bffaad4113a4e6b51d425c25d94bc8,1
5,62c480fd41f2eff70bfecf501e22600ca7c3410b,5
5,63fa8973584a5ac67429bdec16c398fdbaf5c47f,1
5,5cf6cdb37c2b78195e13aa66443fae4d3dba546e,1
5,5bf0fb302d19afe32526de8e183fac5754d39a98,4
5,4fd0ddde11b00aa644088d92f87db954ebbd0ff5,2
5,5082020baa855c66b5e66eb835d2b4a555630fbf,1
5,50e1ab869d86c707118be38fe4ab40642a036feb,6
5,528b151ac308070b66308a0b14c8be1b23a1d19c,3
5,52bf237d0b91dc6d206e195f203cd36035aeeb4a,1
5,54292cabb115bba6049b04904ff7b02e4b30015a,1
5,552be94ead5024bd15c3c10a1dfe774448d18d3f,1
5,564d51a8e7a6ea700b1459289d1ffaa079eeb216,1
5,565100d9b6e5ace8db00c591991f0e7ccf81b003,3
5,5661b8a8db568a4b4cc0d1cb8b354e8e2ec26e18,3
5,5710e6c07f7d84691f55dd595b4e26eb55898bdd,3
5,5715ad954e7e126eb2c49c1d4f23ea31b7f611bc,2
5,5a26984b0094d6987c3d7060512d6d2aa81cec27,1
5,55a2abf065a6546292c9c3f18c86848396e37a4d,1
5,fefe70ac21a7a34b80129acbc7f3eb57334ad6bb,1
3,03a72e752ef68269990f984c9fd613cfd59224bc,1
3,8ee2c24f616b1a3c133611091ef352caceb065aa,1
3,8d5a41329ec2f4db3aed02c20d379baf92840b37,1
3,883ce465d5514ee9fd28a73c0891869d0b744d4a,1
3,88343438615a4ed983f3b74f53e8411d7742097d,2
3,861e047a6222d581ecf1f617599629bbf8654d34,7
3,85f7c939f69fa131d06872c94fbe2ff82fd62df5,3
3,907082102dad9f93d20ccf4a53ea626d5dc559eb,5
3,8567fe6c101f2472662b9362b880a55fc3dcca15,2
3,8537c8932f0d9bd3338a5048fb65a8506c7a8247,1
3,83e5a4937cf13ab9b94a7bb12ce2fefa168752ed,1
3,839b0c2f94746b89c08212b9d199a174ae2c407b,1
3,7f6a0960300792f47ee6c153595e0681ea07cd91,3
3,7e760143fdc8b689daeebdee33ad6ea7d0a62a56,9
3,9dfa454f6da6e88b51dba7840881feb874dbbdef,2
3,9c8e8bd77e391dbf7d1cc81ab2d4c6b8d09da0ac,1
3,9ad4b2bc7ee14cb2004d25a65cc31e22ce293504,16
3,9a69560d9f1f8ab89277259c221193acf7cfcffd,1
3,98aa12458904cd8cb74ca40a905ddc790e14501b,1
3,96b2ada79aeaa44e4c572b345563d0ee90dde5b1,1
3,94e21eca211c9af260a6a37c24a6052afc139001,1
3,9245bebdba9a3227674f3c0b08d86165891f02cc,1
3,9196b2325126988f72248a7d35ffcb44744e0134,4
3,90a461903438c1810588c94863cc5b50e3c75877,1
3,7e05cde8131a04e418d42c41db37ca4a5e5c6b5e,1
3,7a7bbf754cfabbcb56d090b982bf4b128e15938d,1
3,681281e772614282c8d6e07ee1e3b5ec9ca3faf3,15
3,66649a1a628bf84c6b2dcaa9312cbdb911c0b042,7
3,5bc80cd6937faae894c5b578b78ed071c7c8d61d,5
3,5af0b16641ffd0422ea495b8e542ad1e29cc1735,1
3,5adfa4bc04bbec81e1b56580d96b95bcc0808b3d,2
3,58704f9aad53025ff8aa6b865bba851cc1bc4cc1,4
3,572421b7712bf2f369ec9f529416ddef5235d975,19
3,60e6ed912d52716f46a1ba71923ef203c4248857,1
3,79a00cd90695c9ab72f301ca30fe2cbbc1fe8e36,1
3,777e17c723fa2c87d703326f6bcf1195645893bd,2
3,751c69c655c9317a7169e24e452d3931ec956761,1
3,747e3c3051153779954e49b7dbc475daa678e1f4,2
3,714ac8e64399eb156abc4ce3e517185c098fb7e6,1
3,6f59bc3bfea8ccdff1bfd0640351241ccf4100ff,1
3,6e3bf0730037fb3cb7aab7fe607fbe61ba5fe5e6,1
3,6dbdb272c0950d1bd17c3e3b5e38b385d1373eb2,4
3,6d90f0d894c468bc2f5b1e138ef21174ae644a0b,1
3,6d3e0e92a5695f47628d2f7d3fcff207c22c1825,1
3,6cca23c172612aded9ee2996a5177cb7b9a84390,2
3,6825477d75b45e724c6f91bb9f11d2cc5df1ff20,1
3,6a80791f13e5003c09a342d7a3c443c031d7d408,7
3,9f5a2086deafa340ac12e78d44c8c23b19483f9d,1
3,6a951b427e2f0b37597da343401029312ff8288c,3
3,a1471648520e70b3b33e6421ca30796ff3b258a3,1
3,a526da7cdd2529eb3d13cfbd35664ee82a02d565,1
3,a595032a902c0758610a1cb38379b5e91a01adbd,1
3,e23973afec37fd1691f87a8c25dc8307c11b97e9,6
3,e19672d0a394d552469147e12a70bf81413f0076,1
3,dc60cb193123b2564bac0c2de9a998e4649fea30,5
3,dc4e43bb237c3878d12902e562ac352cbf463333,2
3,dbca5571e0e97293664a89346b38758e85bdfd27,2
3,d87d3f807fba95106ef0baf6432c83640dcd1f3d,1
3,d8095c72fd5149444be413ba1f1c6529a148bc89,1
3,d7fbac03844aa86dbb1c65a8ba50ac364c4b2050,1
3,d70fb90ef77be3d34686a98335fb1747f66b448b,2
3,d391584d48ce87a36c88e804711a5f187e0b9086,4
3,d1de4cf676f669fe6771d12dd220e1a9f8d1a42a,1
3,d1ddab2e6ffcd938ac0d133fd46caf5fb2417009,1
3,cf2a457af7b0422e7728e0d55a4e794048af5a6b,1
3,cbcf7defa344ad1dee63baa0767613a5f9848e86,3
3,c8bd121db2b382cc0e15d317b19178e6db373d9b,2
3,c892738fbb6f6e433921ca82234ea2c77b189f68,1
3,c8627c8ab831dec86eeb52fc02600b22c81ba858,1
3,fd4fbe41322c39329245b6a1311ae42bd10827ad,3
3,f777a192ee13fd59048aa7ba640cc8023051c89d,2
3,f718784f33c6f52416325039381833645651d2a2,2
3,f4f596ec3daee1cb1890d4655c7f7ca15b557df3,1
3,f2e091127f989001a9e2cbf8c0e2d4cdb4d86ad3,1
3,f291c4d33ea5fcc52afcfa5713e519e663378bda,1
3,edf66083e6245abfab4a85dce03c0bf79a66f474,3
3,ec42d600af5080d98283db7eac890de16cd43798,2
3,e9521471aa0f2fd631a883e3c6b6f90896b6457c,1
3,e7bfd0c97d2196047bad996b6625d3bb197aae13,1
3,e5ed1cc59a462f6072d5e049d5e8fe488bff0d89,1
3,e340801d258e18f733620b0fd03d65fffb8df6c3,7
3,c6bef300579d96fe90e5be8240ee595ae8da66f1,1
3,e37add7836afe3768f1e517eed3ffbf440bff6bb,3
3,e3af076ff271968a1a639c5bbdc1ba967b11ea94,1
3,e4e925403413601f092f1c8830d722e17f41d178,1
3,e57ef0908b6aa422819511dd640584ed71ac846d,1
3,c2fae85a9f71d478d1153112e09dbc45ef31259a,10
3,b50277c9af513619a60a670f29b800546fa2cd5b,10
3,b44bbbf5e70d2589e3293be1c91c63dba6b5bbfb,1
3,b3b919770bd6e1aa14abc9ee1a1406af251e1d1c,4
3,b506183d9459f2474550a150fb0b5eae1a36c2bd,1
3,af6aa5f782dcfc38a060d2de9476337e14ffedcb,1
3,af4879dbb782bb13fd95e3b406a55d80272ddff3,2
3,add960644ac204fffbb112d7d01097dbaba38e8f,2
3,ad5ff0f2d9c08fb25d821bdc038934642c3c7367,2
3,abe244c099b8c0f0e4c33921a55b27755564713a,1
3,aa2f61b7d8defddc2a78de43b8042178241daedb,4
3,a98d6eae472df67317d58d34f13438bb958668b1,1
3,a6ab854302bf2398ed221afe7aefd0c717b5d1fa,1
3,b2005299e4311e5517ed131fe6a2dc10d2222bbb,1
3,b634804533ab68697b6f5414e8c93c3613850bf2,5
3,bf549f0589105a42f159c78a621fc28087561d16,2
3,bf4ab04413ce091971175ff594c794116925b44a,2
3,befcfd908b55f1ee80eb046fe6c1196e49491ab2,2
3,be05420c6b6fe150faaba4152a2846fbab95408e,3
3,bdf2cac6d4a5c18cf3462330eefd8e7c57990e81,2
3,b6a625fb6cb7e46a01938fef79ac6ea26c93a8dc,2
3,b7cbfc5c347869a271270ab98b8238428813517f,1
3,b819307de8b6bf24241c8ee75acbf90f88489c56,2
3,b88e0e9395fd153deea35272bef5c968fcb863a7,1
3,b9578a4d7e91a50a10dc49ddda326bd9cfc3a1c8,1
3,bb7f0b6bb01b0e98e32229cb528772a66a9d6075,1
3,bc1e5c5c991fe6d06a5a0f6b775684ac91d289d3,1
3,bd3e680f94cc40c61da94ef05c8047d775af9935,1
3,b883f8f4aaa7ae906b4298cc43223060495fc6ff,1
3,2c7cc620d4975521dc5d1c54ea1c0b2247b4fdad,64
3,399d49c0e83987252f22a18c5ee8629095c9ae57,8
3,3926afbd3022d8939e279cbd2a9c83aa4984f160,2
3,376385ac0ecf0c17fe52d70627d9af93549e9bd7,1
3,3690d362b9e3007e390d38092ce339e8a1145781,1
3,34d7521d9581b025c23bd5e4880a1b3a687b3da0,1
3,338758a0d3b30d47a31571e2315c3f2b34e9e894,1
3,337d89cf3feec17918ea7739fc00edb52ed5527e,8
3,3360c93a76a74d1182b912052973e08ffa868b43,2
3,2fef83799de82f67f2124908e982c773c49a6153,2
3,2fb8c92812fc385a79bc54f6214c7ac801d2c06a,3
3,2d7367364b866ad468f5b71316d92fd1490d9381,1
3,25c6ae177b1ca56db7f3c29eb574bdd032a06165,9
3,1c09e24220471828234fe4e772c00a5668887d87,2
3,1abf693b709f6315baacbbbf23d9f352c5a1083f,1
3,18b301dfeb91ca4468e0955d4cafcb32186efe1e,4
3,1840466704210c3c6c2d1d0bf06d1ff88c19c08d,2
3,18005bbae1922f725aabe1ce15624104bfc2d146,2
3,14f16e2d0c3c60338d69a3e0f653b8b876fdc1be,1
3,14ba59fa8858126dbe0c3e645a84c7de3bf2361a,1
3,125e6d9d3d42516de6b6797be8ef0c59e6360512,6
3,114633fbf933c3085a189d20c62fadae0398fb39,1
3,109915d93a2b36c26b49c0fabb1947a5a892cb25,1
3,103edb9c36988c42170a75046eee37407c0c6475,1
3,0c35edab6584a01d89ec5533ee6acac8f7002a8b,1
3,0a3f5fa801954b07d0041d8a7dc6f87dc210a470,2
3,085856c12843a6b58d6de59672d37da47afdaa72,1
3,05f54f35520bb0718dcaa12333520f4c2aaf3cc7,2
3,2610a2920dcff87cb58b67902fd21bfaaf659e64,1
3,26ab404599643fac25442646b829a65a7f86bca1,4
3,2716d96516303964f8beeb3d3a05477235fb36bc,1
3,2b9f81e8b5623dd07f3fe5f34a8ada56b13aea8d,3
3,51881c7f4a60d62e0b71ff0dfef78c18bdb1005f,13
3,50eb582657b5a07aa4aec22f11c9f3071eb631a8,4
3,4efb133b4a6cc93708dda782d948b9c88c3b5ff0,7
3,4d73459b7e2fa806610ff1110baf1da3c650c21d,2
3,4c2980e6ff798f3209f00292ead5060c402d9774,1
3,4aaa4bf20c43807ee78ab7e58e2e430e195647f8,1
3,4a852043b37a6c8849026d0d39189a466dc49b9f,6
3,49e7ee05fcd6113d569d3ca20d7a806603c4a91f,2
3,4816941f0d76f2dc5d5b0b7b5fb3206d6fef641d,1
3,46e65a77c5856d21f2d5e7c90306dbbd894da57e,1
3,4da08b0ec6c35d4d36bf8e91cc402f9fb3117567,1
3,54ba11210f0657d1b77e75122557d22b5ac58009,1
3,54a480774df435be94d5bda4115845da361d4986,1
3,536a968b32eede34554121f75c72b2a658fc442e,1
3,523f489863812d6831bc33443fe699c2903a450f,1
3,51efca8457f7d049f162addeeda97dc30df98d87,9
3,45bf2db854b01e17efda9fabf048a409917340a1,29
3,4057b98babf5ecb7ad1583d23a90abe7b7fede12,3
3,3ff16c30dbcd2a66209935a3e71a5f21f696d896,1
3,3e7ebf85568e7c9ef5b1373907c89a215e27e2b9,5
3,3cd665b199ff77bbeb4aa45d1e1816ec37d942c7,3
3,3cbe355cb6b1ab5d84ddb75837430c3d9584119b,2
3,3b8404dac56c365cbf77034ec7d96588d89e9798,11
3,3b3a60d301a66dfd1599c796c7f5b92e93972816,1
3,3b1056c097cd615c531c1ffd5ccb772d65d2e814,2
3,44edfcfb33205a71c4c37722e7311c184df6c6f2,1
3,454f58a7b144d2f16e3ea55b34074b8a66a9a2fe,1
3,45511fdd1534aa4fcc3c560ac4c0b439d94fc2ad,1
3,457f53f08f38e3c6d154699ea00fa521f208882d,1
3,458f2baa2f79bbfe78d3db3dfa1dd7866d7cf7a9,5
3,ff742248158fe6a13f6d13aa027c2d5b79fbe807,1
